epoch,accuracy,loss,val_accuracy,val_loss
0,0.5683206915855408,0.6815237402915955,0.8614270687103271,0.5303037166595459
